Control_Usuario,Fiscal,Record_ID_Ref,RIF / Registro,Razón Social,Situación Sin Licencia,Conformidad de Uso,Creador Acción,Foto Fachada,Fecha Acción,Próxima Cita,Correo Electrónico,Licencia temporal,Imagen,Copia de Creador Acción,Coordenadas GPS (Oficina),Fecha del Último Pago,Acuerdo de Frecuencia,Nombre Comercial,Copia de Fecha Acción,Días de Retraso,Aseo Urbano,Fecha_Ultima_Edicion,Número de Teléfono,Fiscal Responsable,Foto Licencia Vigente,Impuesto Inmuebles,Semáforo de Acuerdo de Pago,Editor_Responsable,Dirección (Referencia Manual),Validación de Jefatura,Log_Movimiento,Fecha Vencimiento Licencia,Estatus de Cita,ID_Auditoria,ID Sistema,Licencia Act. Econ.,Validación Fiscal,Control_Fecha,N° de censo,Listo_para_GitHub,Foto Licencia Vencida,N° Expediente
"{'id': 'usrfos700GI2vPlEM', 'email': 'proyecto.maps2026@gmail.com', 'name': 'aura rodriguez'}",['Erwin Garcia'],rec4S46CKROpbNKHQ,18161388,,Sin Documentación,NO,,https://res.cloudinary.com/dllkhcwzt/image/upload/v1774906565/kw0lqfh79rcvymhlvbub.jpg,,2026-04-14,noposee@gmail.com,NO,https://res.cloudinary.com/dllkhcwzt/image/upload/v1774906565/kw0lqfh79rcvymhlvbub.jpg,,"8.030899324375499, -72.26284046349849",,,Inversiones variedades y detalles JKE,,2,NO,2026-04-07T18:48:15.000Z,+58 424 7101994,['recneMrw0Gq0zGHIE'],,NO,⚪ SIN DATOS,"{'id': 'usrfos700GI2vPlEM', 'email': 'proyecto.maps2026@gmail.com', 'name': 'aura rodriguez'}","Frente a la casa cural, carrera 6 ",,Pendiente,,🕒 PENDIENTE,rec4S46CKROpbNKHQ,36,🔴 SIN LICENCIA,✅ Plazo de 15 dias,2026-04-07T18:48:15.000Z,36,NO,,
"{'id': 'usrfos700GI2vPlEM', 'email': 'proyecto.maps2026@gmail.com', 'name': 'aura rodriguez'}",['Erwin Garcia'],rec6WdhzXIUJUwVJv,25540397,,Permiso Temporal,NO,,https://res.cloudinary.com/dllkhcwzt/image/upload/v1774897448/vtlo7i7e2qopf6meagvw.jpg,,2026-04-14,yulimarparada965@gmail.com,SÍ,https://res.cloudinary.com/dllkhcwzt/image/upload/v1774897448/vtlo7i7e2qopf6meagvw.jpg,,"8.032384689531884, -72.26379722728966",,,Venta de calzado,,2,NO,2026-04-07T18:52:03.000Z,+58 414 7335370,['recneMrw0Gq0zGHIE'],,NO,⚪ SIN DATOS,"{'id': 'usrfos700GI2vPlEM', 'email': 'proyecto.maps2026@gmail.com', 'name': 'aura rodriguez'}",Frente la plaza bolivar ,,Pendiente,,🕒 PENDIENTE,rec6WdhzXIUJUwVJv,10,🔴 SIN LICENCIA,✅ Plazo de 15 dias,2026-04-07T18:52:03.000Z,10,NO,,
"{'id': 'usrfos700GI2vPlEM', 'email': 'proyecto.maps2026@gmail.com', 'name': 'aura rodriguez'}",['Erwin Garcia'],rec6v7Go10yvjMcXH,No posee,,Sin Documentación,NO,,https://res.cloudinary.com/dllkhcwzt/image/upload/v1774898599/irojhidslycif9w91lnf.jpg,,2026-04-14,noposee@gmail.com,NO,https://res.cloudinary.com/dllkhcwzt/image/upload/v1774898599/irojhidslycif9w91lnf.jpg,,"8.03257708859179, -72.26401972087594",,,Casa fiesta,,2,NO,2026-04-07T18:51:15.000Z,+58 426 4737827,['recneMrw0Gq0zGHIE'],,NO,⚪ SIN DATOS,"{'id': 'usrfos700GI2vPlEM', 'email': 'proyecto.maps2026@gmail.com', 'name': 'aura rodriguez'}",Frente la plaza bolivar ,,Pendiente,,🕒 PENDIENTE,rec6v7Go10yvjMcXH,12,🔴 SIN LICENCIA,✅ Plazo de 15 dias,2026-04-07T18:51:15.000Z,12,NO,,
"{'id': 'usrfos700GI2vPlEM', 'email': 'proyecto.maps2026@gmail.com', 'name': 'aura rodriguez'}",['Erwin Garcia'],rec7A07p95g3sWirJ,J30584055-5,"Unicel, C.A",,NO,,https://res.cloudinary.com/dllkhcwzt/image/upload/v1774894965/bakekklhuwqltezfu1sm.jpg,,2026-04-14,noposee@gmail.com,,https://res.cloudinary.com/dllkhcwzt/image/upload/v1774894965/bakekklhuwqltezfu1sm.jpg,,"8.032072140914662, -72.26339020335043",,,Movistar,,2,NO,2026-04-07T18:52:29.000Z,+58 424 7188741,['recneMrw0Gq0zGHIE'],,NO,⚪ SIN DATOS,"{'id': 'usrfos700GI2vPlEM', 'email': 'proyecto.maps2026@gmail.com', 'name': 'aura rodriguez'}",Frente a la plaza bolivar,,Pendiente,2024-09-27,🕒 PENDIENTE,rec7A07p95g3sWirJ,4,🟡 VENCIDA,✅ Plazo de 15 dias,2026-04-07T18:52:29.000Z,4,NO,https://res.cloudinary.com/dllkhcwzt/image/upload/v1774894830/uwkyiha9hebuf00xv1he.jpg,3043
"{'id': 'usrfos700GI2vPlEM', 'email': 'proyecto.maps2026@gmail.com', 'name': 'aura rodriguez'}",['Erwin Garcia'],rec8Kcy1RQTujCMyT,08097414-7,Auri Estelita Moreno,,NO,,https://res.cloudinary.com/dllkhcwzt/image/upload/v1774905513/o3xymlahzldtb7ttmhud.jpg,,2026-04-14,noposee@gmail.com,,https://res.cloudinary.com/dllkhcwzt/image/upload/v1774905513/o3xymlahzldtb7ttmhud.jpg,,"8.030892756068749, -72.26345552842392",,,Maxibella Salon de Belleza,,2,NO,2026-04-07T18:52:50.000Z,+58 414 3715013,['recneMrw0Gq0zGHIE'],,NO,⚪ SIN DATOS,"{'id': 'usrfos700GI2vPlEM', 'email': 'proyecto.maps2026@gmail.com', 'name': 'aura rodriguez'}","Calle 3, mas arriba de la plaza Bolivar ",,Pendiente,2025-12-31,🕒 PENDIENTE,rec8Kcy1RQTujCMyT,31,🟡 VENCIDA,✅ Plazo de 15 dias,2026-04-07T18:52:50.000Z,31,NO,https://res.cloudinary.com/dllkhcwzt/image/upload/v1774905362/t8hohtuaxfy2j9mcvmlt.jpg,1742
"{'id': 'usrfos700GI2vPlEM', 'email': 'proyecto.maps2026@gmail.com', 'name': 'aura rodriguez'}",['Erwin Garcia'],rec9z3NzHng527coZ,14906605,Carlos eduardo albarracin,,NO,,https://res.cloudinary.com/dllkhcwzt/image/upload/v1774893371/awv9sra8zxgpxtpfpnmh.jpg,,2026-04-14,noposee@gmail.com,,https://res.cloudinary.com/dllkhcwzt/image/upload/v1774893371/awv9sra8zxgpxtpfpnmh.jpg,,"8.031783744247441, -72.2632040033534",,,Almuerzo carlos,,2,NO,2026-04-07T18:53:32.000Z,+58 426 2746385,['recneMrw0Gq0zGHIE'],https://res.cloudinary.com/dllkhcwzt/image/upload/v1774893305/iwupc9vf1kly2xsqerr7.jpg,NO,⚪ SIN DATOS,"{'id': 'usrfos700GI2vPlEM', 'email': 'proyecto.maps2026@gmail.com', 'name': 'aura rodriguez'}",Plaza bolívar esquina,,Pendiente,2025-07-31,🕒 PENDIENTE,rec9z3NzHng527coZ,2,🔴 SIN LICENCIA,✅ Plazo de 15 dias,2026-04-07T18:53:32.000Z,2,NO,,T-197
"{'id': 'usrfos700GI2vPlEM', 'email': 'proyecto.maps2026@gmail.com', 'name': 'aura rodriguez'}",['Erwin Garcia'],recCd2bEXeIoat99D,1234567,,Sin Documentación,NO,,https://res.cloudinary.com/dllkhcwzt/image/upload/v1774908435/v84u0vual7tk5acvmhzw.jpg,,2026-04-14,noposee@gmail.com,NO,https://res.cloudinary.com/dllkhcwzt/image/upload/v1774908435/v84u0vual7tk5acvmhzw.jpg,,"8.031749001174239, -72.26296597902663",,,Dulcera joyeria,,2,NO,2026-04-07T18:53:55.000Z,+58 412 1234567,['recneMrw0Gq0zGHIE'],,NO,⚪ SIN DATOS,"{'id': 'usrfos700GI2vPlEM', 'email': 'proyecto.maps2026@gmail.com', 'name': 'aura rodriguez'}",Calle 4 con carrera 6 y 5,,Pendiente,,🕒 PENDIENTE,recCd2bEXeIoat99D,41,🔴 SIN LICENCIA,✅ Plazo de 15 dias,2026-04-07T18:53:55.000Z,41,NO,,
"{'id': 'usrfos700GI2vPlEM', 'email': 'proyecto.maps2026@gmail.com', 'name': 'aura rodriguez'}",['Erwin Garcia'],recCjm40YwTdiJtlm,26015867-4,"Englobate Leal, F.P",,NO,,https://res.cloudinary.com/dllkhcwzt/image/upload/v1774899341/emmxhv1oqub53kuu718k.jpg,,2026-04-14,englobateta.ch@gmail.com,,https://res.cloudinary.com/dllkhcwzt/image/upload/v1774899341/emmxhv1oqub53kuu718k.jpg,,"8.032362044483438, -72.26415781184302",,,Englobate ,,2,NO,2026-04-07T18:56:21.000Z,+58 412 7909011,['recneMrw0Gq0zGHIE'],,NO,⚪ SIN DATOS,"{'id': 'usrfos700GI2vPlEM', 'email': 'proyecto.maps2026@gmail.com', 'name': 'aura rodriguez'}",Frente la plaza bolivar ,,Pendiente,2025-12-31,🕒 PENDIENTE,recCjm40YwTdiJtlm,14,🟡 VENCIDA,✅ Plazo de 15 dias,2026-04-07T18:56:21.000Z,14,NO,https://res.cloudinary.com/dllkhcwzt/image/upload/v1774899291/zo9sy76vbbo8uqjo5mcm.jpg,4470
"{'id': 'usrfos700GI2vPlEM', 'email': 'proyecto.maps2026@gmail.com', 'name': 'aura rodriguez'}",['Erwin Garcia'],recG6TRAK88COhj0c,J-09011374-6,"A.C Circunvalación las palmeras, C.A",,SÍ,,https://res.cloudinary.com/dllkhcwzt/image/upload/v1775662690/kmsrkcysbgsplhxec4sk.jpg,,,noposee@gmail.com,,https://res.cloudinary.com/dllkhcwzt/image/upload/v1775662690/kmsrkcysbgsplhxec4sk.jpg,,"8.030032, -72.2639244",,,"A.C Circunvalación las palmeras, C.A",,0,SÍ,2026-04-08T15:38:45.000Z,+58 414 1970566,['recneMrw0Gq0zGHIE'],https://res.cloudinary.com/dllkhcwzt/image/upload/v1775662558/ysjfzd9rwqsepgohbbyj.jpg,SÍ,⚪ SIN DATOS,"{'id': 'usrfos700GI2vPlEM', 'email': 'proyecto.maps2026@gmail.com', 'name': 'aura rodriguez'}",Calle 2 carrera 5 y 6,,Pendiente,2026-12-31,🕒 PENDIENTE,recG6TRAK88COhj0c,57,🟢 VIGENTE,✅ Plazo de 15 dias,2026-04-08T15:38:45.000Z,57,NO,,0889
"{'id': 'usrfos700GI2vPlEM', 'email': 'proyecto.maps2026@gmail.com', 'name': 'aura rodriguez'}",['Erwin Garcia'],recGeoCIQpAxWF1LJ,12345678990,,Sin Documentación,NO,,https://res.cloudinary.com/dllkhcwzt/image/upload/v1775659419/clavllarz1kcqcwa4bwr.jpg,,2026-04-23,noposee@gmail.com,NO,https://res.cloudinary.com/dllkhcwzt/image/upload/v1775659419/clavllarz1kcqcwa4bwr.jpg,,"8.0301265, -72.2633849",,,Taller de motos ,,-7,NO,2026-04-08T14:44:32.000Z,+58 416 5772081,['recneMrw0Gq0zGHIE'],,NO,⚪ SIN DATOS,"{'id': 'usrfos700GI2vPlEM', 'email': 'proyecto.maps2026@gmail.com', 'name': 'aura rodriguez'}",Carrera 6 calle 2 y 3,,Pendiente,,⚠️ INCUMPLIDO,recGeoCIQpAxWF1LJ,54,🔴 SIN LICENCIA,✅ Plazo de 15 dias,2026-04-08T14:44:32.000Z,54,NO,,
"{'id': 'usrfos700GI2vPlEM', 'email': 'proyecto.maps2026@gmail.com', 'name': 'aura rodriguez'}",['Erwin Garcia'],recIBLqhLjeIPxibg,9343466,,Sin Documentación,NO,,https://res.cloudinary.com/dllkhcwzt/image/upload/v1775658144/sqhrnsah1dytpqtpcs54.jpg,,2026-04-23,noposee@gmail.com,NO,https://res.cloudinary.com/dllkhcwzt/image/upload/v1775658144/sqhrnsah1dytpqtpcs54.jpg,,"8.0297296, -72.26615",,,Papelería ,,-7,NO,2026-04-08T14:23:11.000Z,+58 414 1328334,['recneMrw0Gq0zGHIE'],,NO,⚪ SIN DATOS,"{'id': 'usrfos700GI2vPlEM', 'email': 'proyecto.maps2026@gmail.com', 'name': 'aura rodriguez'}",Calle 0 carrera 4,,Pendiente,,⚠️ INCUMPLIDO,recIBLqhLjeIPxibg,51,🔴 SIN LICENCIA,✅ Plazo de 15 dias,2026-04-08T14:23:11.000Z,51,NO,,
"{'id': 'usrfos700GI2vPlEM', 'email': 'proyecto.maps2026@gmail.com', 'name': 'aura rodriguez'}",['Erwin Garcia'],recJutCkivpbXdxkt,1224456677,,Sin Documentación,NO,,https://res.cloudinary.com/dllkhcwzt/image/upload/v1775664074/cuy7ex7l2ntsyd3fvx4j.jpg,,2026-04-23,noposee@gmail.com,NO,https://res.cloudinary.com/dllkhcwzt/image/upload/v1775664074/cuy7ex7l2ntsyd3fvx4j.jpg,,"8.0311827, -72.2652863",,,Camerino,,-7,NO,2026-04-08T16:01:36.000Z,+58 1233455806,['recneMrw0Gq0zGHIE'],,NO,⚪ SIN DATOS,"{'id': 'usrfos700GI2vPlEM', 'email': 'proyecto.maps2026@gmail.com', 'name': 'aura rodriguez'}",Calle 2 carrera 5 y 4,,Pendiente,,⚠️ INCUMPLIDO,recJutCkivpbXdxkt,58,🔴 SIN LICENCIA,✅ Plazo de 15 dias,2026-04-08T16:01:36.000Z,58,NO,,
"{'id': 'usrfos700GI2vPlEM', 'email': 'proyecto.maps2026@gmail.com', 'name': 'aura rodriguez'}",['Erwin Garcia'],recMd9hOMgwsBPI3a,14152495,,Sin Documentación,NO,,https://res.cloudinary.com/dllkhcwzt/image/upload/v1775658508/rfqoiprjqgptapwijbeu.jpg,,2026-04-23,noposee@gmail.com,NO,https://res.cloudinary.com/dllkhcwzt/image/upload/v1775658508/rfqoiprjqgptapwijbeu.jpg,,"8.0306957, -72.2652563",,,Papeleria,,-7,NO,2026-04-08T14:28:52.000Z,+58 412 0901836,['recneMrw0Gq0zGHIE'],,NO,⚪ SIN DATOS,"{'id': 'usrfos700GI2vPlEM', 'email': 'proyecto.maps2026@gmail.com', 'name': 'aura rodriguez'}",Carrera 4,,Pendiente,,⚠️ INCUMPLIDO,recMd9hOMgwsBPI3a,52,🔴 SIN LICENCIA,✅ Plazo de 15 dias,2026-04-08T14:28:52.000Z,52,NO,,
"{'id': 'usrfos700GI2vPlEM', 'email': 'proyecto.maps2026@gmail.com', 'name': 'aura rodriguez'}",['Erwin Garcia'],recNv3SsIHxVIOaHQ,265940737,El palmar tiendas / Ramiro Leal Garcia,,NO,,https://res.cloudinary.com/dllkhcwzt/image/upload/v1774896447/ssthxpr8dmcytbaplf43.jpg,,2026-04-14,noposee@gmail.com,,https://res.cloudinary.com/dllkhcwzt/image/upload/v1774896447/ssthxpr8dmcytbaplf43.jpg,,"8.0323229, -72.2636856",,,El palmar tiendas,,2,NO,2026-03-30T18:48:05.000Z,+58 412 2234578,['recneMrw0Gq0zGHIE'],,NO,⚪ SIN DATOS,"{'id': 'usrfos700GI2vPlEM', 'email': 'proyecto.maps2026@gmail.com', 'name': 'aura rodriguez'}",Frente la plaza ,,Pendiente,2025-12-20,🕒 PENDIENTE,recNv3SsIHxVIOaHQ,8,🟡 VENCIDA,✅ Plazo de 15 dias,2026-03-30T18:48:05.000Z,8,NO,https://res.cloudinary.com/dllkhcwzt/image/upload/v1774896318/ubfpudwaw8ji4gnsbl6k.jpg,4344
"{'id': 'usrfos700GI2vPlEM', 'email': 'proyecto.maps2026@gmail.com', 'name': 'aura rodriguez'}",['Erwin Garcia'],recNwhoz5S2rjFWDR,No lo quizo dar,,Sin Documentación,NO,,https://res.cloudinary.com/dllkhcwzt/image/upload/v1774907055/dlv2aqtscgk1wbcudwb5.jpg,,2026-04-14,noposee@gmail.com,NO,https://res.cloudinary.com/dllkhcwzt/image/upload/v1774907055/dlv2aqtscgk1wbcudwb5.jpg,,"8.0310995, -72.2627567",,,Productos naturales ,,2,NO,2026-03-30T21:44:48.000Z,+58 412 1234567,['recneMrw0Gq0zGHIE'],,NO,⚪ SIN DATOS,"{'id': 'usrfos700GI2vPlEM', 'email': 'proyecto.maps2026@gmail.com', 'name': 'aura rodriguez'}",Carrera 6 al lado de la panadería roma,,Pendiente,,🕒 PENDIENTE,recNwhoz5S2rjFWDR,38,🔴 SIN LICENCIA,✅ Plazo de 15 dias,2026-03-30T21:44:48.000Z,38,NO,,
"{'id': 'usrfos700GI2vPlEM', 'email': 'proyecto.maps2026@gmail.com', 'name': 'aura rodriguez'}",['Erwin Garcia'],recOffdTog3DbBXnu,No posee,,Sin Documentación,NO,,https://res.cloudinary.com/dllkhcwzt/image/upload/v1774905655/wije9m0rv9zbivbd1utf.jpg,,2026-04-14,noposee@gmail.com,NO,https://res.cloudinary.com/dllkhcwzt/image/upload/v1774905655/wije9m0rv9zbivbd1utf.jpg,,"8.0308462, -72.2634544",,,Una vez mas Ayn,,2,NO,2026-03-30T21:21:13.000Z,+58 412 1234567,['recneMrw0Gq0zGHIE'],,NO,⚪ SIN DATOS,"{'id': 'usrfos700GI2vPlEM', 'email': 'proyecto.maps2026@gmail.com', 'name': 'aura rodriguez'}","Calle 3, frente a antigua farma romero mas arriba de la plaza Bolivar ",,Pendiente,,🕒 PENDIENTE,recOffdTog3DbBXnu,32,🔴 SIN LICENCIA,✅ Plazo de 15 dias,2026-03-30T21:21:13.000Z,32,NO,,
"{'id': 'usrfos700GI2vPlEM', 'email': 'proyecto.maps2026@gmail.com', 'name': 'aura rodriguez'}",['Erwin Garcia'],recOgWmoaKSMwz7RC,24781199,,Sin Documentación,NO,,https://res.cloudinary.com/dllkhcwzt/image/upload/v1774899597/sq13gxjd2d2k77teefet.jpg,,2026-04-14,noposee@gmail.com,NO,https://res.cloudinary.com/dllkhcwzt/image/upload/v1774899597/sq13gxjd2d2k77teefet.jpg,,"8.0324108, -72.2639954",,,Empetados,,2,NO,2026-03-30T19:40:24.000Z,+58 414 7011721,['recneMrw0Gq0zGHIE'],,NO,⚪ SIN DATOS,"{'id': 'usrfos700GI2vPlEM', 'email': 'proyecto.maps2026@gmail.com', 'name': 'aura rodriguez'}","Frente a la plaza Bolivar, al lado de englobate",,Pendiente,,🕒 PENDIENTE,recOgWmoaKSMwz7RC,15,🔴 SIN LICENCIA,✅ Plazo de 15 dias,2026-03-30T19:40:24.000Z,15,NO,,
"{'id': 'usrfos700GI2vPlEM', 'email': 'proyecto.maps2026@gmail.com', 'name': 'aura rodriguez'}",['Erwin Garcia'],recPnS7EjKoXi5lGy,No posee,,Sin Documentación,NO,,https://res.cloudinary.com/dllkhcwzt/image/upload/v1774906262/zzgy6vrafsqej6sxtyoo.jpg,,2026-04-14,noposee@gmail.com,NO,https://res.cloudinary.com/dllkhcwzt/image/upload/v1774906262/zzgy6vrafsqej6sxtyoo.jpg,,"8.0308515, -72.2630167",,,Zoom aliado comercial ,,2,NO,2026-03-30T21:31:20.000Z,+58 412 1234567,['recneMrw0Gq0zGHIE'],,NO,⚪ SIN DATOS,"{'id': 'usrfos700GI2vPlEM', 'email': 'proyecto.maps2026@gmail.com', 'name': 'aura rodriguez'}","Frente a la casa cural, esquina calle 3 con carrera 6 ",,Pendiente,,🕒 PENDIENTE,recPnS7EjKoXi5lGy,35,🔴 SIN LICENCIA,✅ Plazo de 15 dias,2026-03-30T21:31:20.000Z,35,NO,,
"{'id': 'usrfos700GI2vPlEM', 'email': 'proyecto.maps2026@gmail.com', 'name': 'aura rodriguez'}",['Erwin Garcia'],recPw6ax4b4qHKmur,J-40477878-0,Almacenes todo al costo,,NO,,https://res.cloudinary.com/dllkhcwzt/image/upload/v1774900828/qz2pxezrq9ofx4livauo.jpg,,2026-04-14,krysbelhect3@gmail.com,,https://res.cloudinary.com/dllkhcwzt/image/upload/v1774900828/qz2pxezrq9ofx4livauo.jpg,,"8.0322692, -72.2644681",,,Pepe todo al costo ,,2,NO,2026-03-30T20:00:52.000Z,+58 414 7085901,['recneMrw0Gq0zGHIE'],,NO,⚪ SIN DATOS,"{'id': 'usrfos700GI2vPlEM', 'email': 'proyecto.maps2026@gmail.com', 'name': 'aura rodriguez'}",Frente la plaza bolivar carrera 4,,Pendiente,2025-12-31,🕒 PENDIENTE,recPw6ax4b4qHKmur,18,🟡 VENCIDA,✅ Plazo de 15 dias,2026-03-30T20:00:52.000Z,18,NO,https://res.cloudinary.com/dllkhcwzt/image/upload/v1774900748/gyz9q7aigybc6gd7tvib.jpg,3331
"{'id': 'usrfos700GI2vPlEM', 'email': 'proyecto.maps2026@gmail.com', 'name': 'aura rodriguez'}",['Erwin Garcia'],recQeL1NZ0jxUXsJ7,20881053-3,Olimpia cubillos cadena/Bodega el divino niño,,NO,,https://res.cloudinary.com/dllkhcwzt/image/upload/v1775664821/asuzua1zglldzmldnsmu.jpg,,2026-04-23,noposee@gmail.com,,https://res.cloudinary.com/dllkhcwzt/image/upload/v1775664821/asuzua1zglldzmldnsmu.jpg,,"8.0312301, -72.2653496",,,Bodega el divino niño ,,-7,SÍ,2026-04-08T16:14:32.000Z,+58 424 7466018,['recneMrw0Gq0zGHIE'],,NO,⚪ SIN DATOS,"{'id': 'usrfos700GI2vPlEM', 'email': 'proyecto.maps2026@gmail.com', 'name': 'aura rodriguez'}",Calle 2 carrera 5,,Pendiente,2026-02-12,⚠️ INCUMPLIDO,recQeL1NZ0jxUXsJ7,59,🟡 VENCIDA,✅ Plazo de 15 dias,2026-04-08T16:14:32.000Z,59,NO,https://res.cloudinary.com/dllkhcwzt/image/upload/v1775664775/ohcovelmji6op1bpzbhd.jpg,0927
"{'id': 'usrfos700GI2vPlEM', 'email': 'proyecto.maps2026@gmail.com', 'name': 'aura rodriguez'}",['Erwin Garcia'],recRHMV5HXrfcCgFg,18162444-9,Alfredo Dias / Panificados La Gran Roma,,NO,,https://res.cloudinary.com/dllkhcwzt/image/upload/v1774908605/nokzyl769gsnaorbhzi8.jpg,,2026-04-14,ninoskarosales03@gmail.com,,https://res.cloudinary.com/dllkhcwzt/image/upload/v1774908605/nokzyl769gsnaorbhzi8.jpg,,"8.0311701, -72.2627054",,,La Gran Roma,,2,NO,2026-03-30T22:10:21.000Z,+58 414 7486160,['recneMrw0Gq0zGHIE'],,NO,⚪ SIN DATOS,"{'id': 'usrfos700GI2vPlEM', 'email': 'proyecto.maps2026@gmail.com', 'name': 'aura rodriguez'}",Carrera 6,,Pendiente,2024-12-19,🕒 PENDIENTE,recRHMV5HXrfcCgFg,40,🟡 VENCIDA,✅ Plazo de 15 dias,2026-03-30T22:10:21.000Z,40,NO,https://res.cloudinary.com/dllkhcwzt/image/upload/v1774908382/xvs2ahpr2rpraydwc93w.jpg,3479
"{'id': 'usrfos700GI2vPlEM', 'email': 'proyecto.maps2026@gmail.com', 'name': 'aura rodriguez'}",['Erwin Garcia'],recRNWzKrOaD1MjXo,10696738,,Sin Documentación,NO,,https://res.cloudinary.com/dllkhcwzt/image/upload/v1774903620/mh7tpevtcgssjeziw70g.jpg,,2026-04-14,lilianaBMR@gmail.com,NO,https://res.cloudinary.com/dllkhcwzt/image/upload/v1774903620/mh7tpevtcgssjeziw70g.jpg,,"8.031222, -72.2637252",,,Heladería caramelado,,2,NO,2026-03-30T20:47:19.000Z,+58 412 1570213,['recneMrw0Gq0zGHIE'],,NO,⚪ SIN DATOS,"{'id': 'usrfos700GI2vPlEM', 'email': 'proyecto.maps2026@gmail.com', 'name': 'aura rodriguez'}","Frente al Bulevar de la plaza Bolivar, al lado de la iglesia",,Pendiente,,🕒 PENDIENTE,recRNWzKrOaD1MjXo,25,🔴 SIN LICENCIA,✅ Plazo de 15 dias,2026-03-30T20:47:19.000Z,25,NO,,
"{'id': 'usrfos700GI2vPlEM', 'email': 'proyecto.maps2026@gmail.com', 'name': 'aura rodriguez'}",['Erwin Garcia'],recRPKWzvvs332yKG,No posee,,Sin Documentación,NO,,https://res.cloudinary.com/dllkhcwzt/image/upload/v1774902461/oyyesqtcgifhfsmsszxx.jpg,,2026-04-14,noposee@gmail.com,NO,https://res.cloudinary.com/dllkhcwzt/image/upload/v1774902461/oyyesqtcgifhfsmsszxx.jpg,,"8.0311953, -72.2637367",,,Marielis tiendas ,,2,NO,2026-03-30T20:28:05.000Z,+58 412 1243456,['recneMrw0Gq0zGHIE'],,NO,⚪ SIN DATOS,"{'id': 'usrfos700GI2vPlEM', 'email': 'proyecto.maps2026@gmail.com', 'name': 'aura rodriguez'}","Bulevar de la plaza Bolivar, al lado dulces tiendas",,Pendiente,,🕒 PENDIENTE,recRPKWzvvs332yKG,22,🔴 SIN LICENCIA,✅ Plazo de 15 dias,2026-03-30T20:28:05.000Z,22,NO,,
"{'id': 'usrfos700GI2vPlEM', 'email': 'proyecto.maps2026@gmail.com', 'name': 'aura rodriguez'}",['Erwin Garcia'],recRYnfxPaURGNwrU,8454002,,Sin Documentación,NO,,https://res.cloudinary.com/dllkhcwzt/image/upload/v1774902765/zeutpp7vxf2dueq6xy2z.jpg,,2026-04-14,davidbrito2005@hotmail.com,NO,https://res.cloudinary.com/dllkhcwzt/image/upload/v1774902765/zeutpp7vxf2dueq6xy2z.jpg,,"8.0311953, -72.2637367",,,Servicio tecnico brito,,2,NO,2026-03-30T20:33:17.000Z,+58 416 1566345,['recneMrw0Gq0zGHIE'],,NO,⚪ SIN DATOS,"{'id': 'usrfos700GI2vPlEM', 'email': 'proyecto.maps2026@gmail.com', 'name': 'aura rodriguez'}","Frente al boluvar de la plaza Bolivar, local 4 centro comerciante colon",,Pendiente,,🕒 PENDIENTE,recRYnfxPaURGNwrU,23,🔴 SIN LICENCIA,✅ Plazo de 15 dias,2026-03-30T20:33:17.000Z,23,NO,,
"{'id': 'usrfos700GI2vPlEM', 'email': 'proyecto.maps2026@gmail.com', 'name': 'aura rodriguez'}",['Erwin Garcia'],recS629VYYz4toVp8,12345678,,Sin Documentación,NO,,https://res.cloudinary.com/dllkhcwzt/image/upload/v1774898836/htx62r1pdf0fhwgz9ina.jpg,,2026-04-14,noposee@gmail.com,NO,https://res.cloudinary.com/dllkhcwzt/image/upload/v1774898836/htx62r1pdf0fhwgz9ina.jpg,,"8.0325546, -72.2640022",,,Banco mercantil ,,2,NO,2026-03-30T19:28:14.000Z,+58 412 1234567,['recneMrw0Gq0zGHIE'],,NO,⚪ SIN DATOS,"{'id': 'usrfos700GI2vPlEM', 'email': 'proyecto.maps2026@gmail.com', 'name': 'aura rodriguez'}",Frente la plaza bolivar ,,Pendiente,,🕒 PENDIENTE,recS629VYYz4toVp8,13,🔴 SIN LICENCIA,✅ Plazo de 15 dias,2026-03-30T19:28:14.000Z,13,NO,,
"{'id': 'usrfos700GI2vPlEM', 'email': 'proyecto.maps2026@gmail.com', 'name': 'aura rodriguez'}",['Erwin Garcia'],recSb0uQQdW4G2EHt,No posee,,Sin Documentación,NO,,https://res.cloudinary.com/dllkhcwzt/image/upload/v1774906121/qenamjc3zeporp7mcraz.jpg,,2026-04-14,noposee@gmail.com,NO,https://res.cloudinary.com/dllkhcwzt/image/upload/v1774906121/qenamjc3zeporp7mcraz.jpg,,"8.0307286, -72.2631846",,,Tecnología jn servicio tecnico,,2,NO,2026-03-30T21:29:11.000Z,+58 412 1234567,['recneMrw0Gq0zGHIE'],,NO,⚪ SIN DATOS,"{'id': 'usrfos700GI2vPlEM', 'email': 'proyecto.maps2026@gmail.com', 'name': 'aura rodriguez'}","Esquina casa cural, calle 4 con carrera 6",,Pendiente,,🕒 PENDIENTE,recSb0uQQdW4G2EHt,34,🔴 SIN LICENCIA,✅ Plazo de 15 dias,2026-03-30T21:29:11.000Z,34,NO,,
"{'id': 'usrfos700GI2vPlEM', 'email': 'proyecto.maps2026@gmail.com', 'name': 'aura rodriguez'}",['Erwin Garcia'],recUXSqQyeyJ3ffnJ,30092591,,Sin Documentación,NO,,https://res.cloudinary.com/dllkhcwzt/image/upload/v1774904147/eqaqffdxfserobliq2xj.jpg,,2026-04-14,rafaelguillens07@gmail.com,NO,https://res.cloudinary.com/dllkhcwzt/image/upload/v1774904147/eqaqffdxfserobliq2xj.jpg,,"8.0318739, -72.2633503",,,Mr incógnito barberia,,2,NO,2026-03-30T20:56:08.000Z,+58 424 5746402,['recneMrw0Gq0zGHIE'],,NO,⚪ SIN DATOS,"{'id': 'usrfos700GI2vPlEM', 'email': 'proyecto.maps2026@gmail.com', 'name': 'aura rodriguez'}","Frente al Bulevar de la plaza Bolivar, al lado de la iglesia calle 4",,Pendiente,,🕒 PENDIENTE,recUXSqQyeyJ3ffnJ,28,🔴 SIN LICENCIA,✅ Plazo de 15 dias,2026-03-30T20:56:08.000Z,28,NO,,
"{'id': 'usrfos700GI2vPlEM', 'email': 'proyecto.maps2026@gmail.com', 'name': 'aura rodriguez'}",['Erwin Garcia'],recY658OvnxLJ9u3y,No posee,,Sin Documentación,NO,,https://res.cloudinary.com/dllkhcwzt/image/upload/v1774903812/dttn1dxjubnyqng6huwu.jpg,,2026-04-14,noposee@gmail.com,NO,https://res.cloudinary.com/dllkhcwzt/image/upload/v1774903812/dttn1dxjubnyqng6huwu.jpg,,"8.0318449, -72.2634113",,,Dulces antisocial,,2,NO,2026-03-30T20:50:33.000Z,+58 412 1234567,['recneMrw0Gq0zGHIE'],,NO,⚪ SIN DATOS,"{'id': 'usrfos700GI2vPlEM', 'email': 'proyecto.maps2026@gmail.com', 'name': 'aura rodriguez'}","Frente al Bulevar de la plaza Bolivar, al lado de la iglesia calle 4",,Pendiente,,🕒 PENDIENTE,recY658OvnxLJ9u3y,26,🔴 SIN LICENCIA,✅ Plazo de 15 dias,2026-03-30T20:50:33.000Z,26,NO,,
"{'id': 'usrfos700GI2vPlEM', 'email': 'proyecto.maps2026@gmail.com', 'name': 'aura rodriguez'}",['Erwin Garcia'],recYgcPTchtMfLpUg,22286076,,Sin Documentación,NO,,https://res.cloudinary.com/dllkhcwzt/image/upload/v1774905008/mpmeinxwcpj9eyeabwum.jpg,,2026-04-14,noposee@gmail.com,NO,https://res.cloudinary.com/dllkhcwzt/image/upload/v1774905008/mpmeinxwcpj9eyeabwum.jpg,,"8.0311915, -72.2637368",,,Barbería ,,2,NO,2026-03-30T21:10:34.000Z,+58 412 1234567,['recneMrw0Gq0zGHIE'],,NO,⚪ SIN DATOS,"{'id': 'usrfos700GI2vPlEM', 'email': 'proyecto.maps2026@gmail.com', 'name': 'aura rodriguez'}","Calle 3, plaza Bolivar, al lado de la bodega la esquina del dulce",,Pendiente,,🕒 PENDIENTE,recYgcPTchtMfLpUg,30,🔴 SIN LICENCIA,✅ Plazo de 15 dias,2026-03-30T21:10:34.000Z,30,NO,,
"{'id': 'usrfos700GI2vPlEM', 'email': 'proyecto.maps2026@gmail.com', 'name': 'aura rodriguez'}",['Erwin Garcia'],recZOhXXBHqU1vrYs,J-31558440-9,,Sin Documentación,NO,,https://res.cloudinary.com/dllkhcwzt/image/upload/v1774895969/ic2qos4keayvy6jprl3g.jpg,,2026-04-14,noposee@gmail.com,NO,https://res.cloudinary.com/dllkhcwzt/image/upload/v1774895969/ic2qos4keayvy6jprl3g.jpg,,"8.0322164, -72.2635379",,,A.C LINEA SAN JUAN ,,2,NO,2026-03-30T23:34:59.000Z,+58 412 1234578,['recneMrw0Gq0zGHIE'],,NO,⚪ SIN DATOS,"{'id': 'usrfos700GI2vPlEM', 'email': 'proyecto.maps2026@gmail.com', 'name': 'aura rodriguez'}",Plaza bolivar ,,Pendiente,,🕒 PENDIENTE,recZOhXXBHqU1vrYs,7,🔴 SIN LICENCIA,✅ Plazo de 15 dias,2026-03-30T23:34:59.000Z,7,NO,,
"{'id': 'usrfos700GI2vPlEM', 'email': 'proyecto.maps2026@gmail.com', 'name': 'aura rodriguez'}",['Erwin Garcia'],recc2QgXQrO2mX7GR,1090478130,,Sin Documentación,NO,,https://res.cloudinary.com/dllkhcwzt/image/upload/v1775657539/utgv3uj0ofbp0weqkchw.jpg,,2026-04-23,noposee@gmail.com,NO,https://res.cloudinary.com/dllkhcwzt/image/upload/v1775657539/utgv3uj0ofbp0weqkchw.jpg,,"8.0294861, -72.2648753",,,Panaderia,,-7,NO,2026-04-08T14:12:38.000Z,+58 412 3456789,['recneMrw0Gq0zGHIE'],,NO,⚪ SIN DATOS,"{'id': 'usrfos700GI2vPlEM', 'email': 'proyecto.maps2026@gmail.com', 'name': 'aura rodriguez'}",Carrera 5 entre calle 1,,Pendiente,,⚠️ INCUMPLIDO,recc2QgXQrO2mX7GR,49,🔴 SIN LICENCIA,✅ Plazo de 15 dias,2026-04-08T14:12:38.000Z,49,NO,,
"{'id': 'usrfos700GI2vPlEM', 'email': 'proyecto.maps2026@gmail.com', 'name': 'aura rodriguez'}",['Erwin Garcia'],recgl3KueVRi9FrpO,E-82081623-7,Cuiling he/ supermercado nuevo mundo,,NO,,https://res.cloudinary.com/dllkhcwzt/image/upload/v1774896882/udak8xbc0xcrtv5c7f6t.jpg,,2026-04-14,rongjueh@gmail.com,,https://res.cloudinary.com/dllkhcwzt/image/upload/v1774896882/udak8xbc0xcrtv5c7f6t.jpg,,"8.0324128, -72.2637109",,,Supermercado nuevo mundo,,2,SÍ,2026-03-30T18:56:25.000Z,+58 412 7506212,['recneMrw0Gq0zGHIE'],,SÍ,⚪ SIN DATOS,"{'id': 'usrfos700GI2vPlEM', 'email': 'proyecto.maps2026@gmail.com', 'name': 'aura rodriguez'}",Frente la plaza bolivar ,,Pendiente,2026-02-03,🕒 PENDIENTE,recgl3KueVRi9FrpO,9,🟡 VENCIDA,✅ Plazo de 15 dias,2026-03-30T18:56:25.000Z,9,NO,https://res.cloudinary.com/dllkhcwzt/image/upload/v1774896779/disalzlxd2o4m120doly.jpg,3052
"{'id': 'usrfos700GI2vPlEM', 'email': 'proyecto.maps2026@gmail.com', 'name': 'aura rodriguez'}",['Erwin Garcia'],recild5DAZRug4gPn,9343716,,Permiso Temporal,NO,,https://res.cloudinary.com/dllkhcwzt/image/upload/v1775661072/vkcu2w08litdnbejaj1n.jpg,,2026-04-23,noposee@gmail.com,NO,https://res.cloudinary.com/dllkhcwzt/image/upload/v1775661072/vkcu2w08litdnbejaj1n.jpg,,"8.0306578, -72.2652525",,,Bodega ybeth,,-7,SÍ,2026-04-08T15:11:38.000Z,+58 426 3761489,['recneMrw0Gq0zGHIE'],,SÍ,⚪ SIN DATOS,"{'id': 'usrfos700GI2vPlEM', 'email': 'proyecto.maps2026@gmail.com', 'name': 'aura rodriguez'}",Carrera ,,Pendiente,,⚠️ INCUMPLIDO,recild5DAZRug4gPn,56,🔴 SIN LICENCIA,✅ Plazo de 15 dias,2026-04-08T15:11:38.000Z,56,NO,,
"{'id': 'usrfos700GI2vPlEM', 'email': 'proyecto.maps2026@gmail.com', 'name': 'aura rodriguez'}",['Erwin Garcia'],recjbpl5EXN5gINbi,G20009997-6,Banco de Venezuela S.A banco universal,,NO,,https://res.cloudinary.com/dllkhcwzt/image/upload/v1774892596/u7xsjiusaejhhoyq4jxn.jpg,,2026-04-14,jessica_henrriquez@banvenez.com,,https://res.cloudinary.com/dllkhcwzt/image/upload/v1774892596/u7xsjiusaejhhoyq4jxn.jpg,,"8.0317816, -72.2630038",,,Banco de Venezuela S.A banco universal,,2,SÍ,2026-03-30T22:59:57.000Z,+58 416 9716559,['recneMrw0Gq0zGHIE'],,NO,⚪ SIN DATOS,"{'id': 'usrfos700GI2vPlEM', 'email': 'proyecto.maps2026@gmail.com', 'name': 'aura rodriguez'}",Calle 4 centro,,Pendiente,2026-02-13,🕒 PENDIENTE,recjbpl5EXN5gINbi,1,🟡 VENCIDA,✅ Plazo de 15 dias,2026-03-30T22:59:57.000Z,1,NO,https://res.cloudinary.com/dllkhcwzt/image/upload/v1774892472/jd8bjlrah8kwzmzmouqk.jpg,1443
"{'id': 'usrfos700GI2vPlEM', 'email': 'proyecto.maps2026@gmail.com', 'name': 'aura rodriguez'}",['Erwin Garcia'],reckIhIwEWx10vqEu,414122,,Sin Documentación,NO,,https://res.cloudinary.com/dllkhcwzt/image/upload/v1775660039/w2csgqz9ue3aolhxsxbp.jpg,,2026-04-23,noposee@gmail.com,NO,https://res.cloudinary.com/dllkhcwzt/image/upload/v1775660039/w2csgqz9ue3aolhxsxbp.jpg,,"8.0294636, -72.2643375",,,Bodega santa barbara,,-7,NO,2026-04-08T14:54:27.000Z,+58 414 2413084,['recneMrw0Gq0zGHIE'],,NO,⚪ SIN DATOS,"{'id': 'usrfos700GI2vPlEM', 'email': 'proyecto.maps2026@gmail.com', 'name': 'aura rodriguez'}",Calle 1 con carrera 5 ,,Pendiente,,⚠️ INCUMPLIDO,reckIhIwEWx10vqEu,55,🔴 SIN LICENCIA,✅ Plazo de 15 dias,2026-04-08T14:54:27.000Z,55,NO,,
"{'id': 'usrfos700GI2vPlEM', 'email': 'proyecto.maps2026@gmail.com', 'name': 'aura rodriguez'}",['Erwin Garcia'],reckZZNXL1beLCge0,20608357,,Sin Documentación,NO,,https://res.cloudinary.com/dllkhcwzt/image/upload/v1775657142/yf9tu5qsmcp6akdjufik.jpg,,2026-04-23,noposee@gmail.com,NO,https://res.cloudinary.com/dllkhcwzt/image/upload/v1775657142/yf9tu5qsmcp6akdjufik.jpg,,"8.0296156, -72.2647105",,,Loteria,,-7,NO,2026-04-08T14:07:31.000Z,+58 426 2342664,['recneMrw0Gq0zGHIE'],,NO,⚪ SIN DATOS,"{'id': 'usrfos700GI2vPlEM', 'email': 'proyecto.maps2026@gmail.com', 'name': 'aura rodriguez'}",Esquina calle 1 entre carrera 5,,Pendiente,,⚠️ INCUMPLIDO,reckZZNXL1beLCge0,48,🔴 SIN LICENCIA,✅ Plazo de 15 dias,2026-04-08T14:07:31.000Z,48,NO,,
"{'id': 'usrfos700GI2vPlEM', 'email': 'proyecto.maps2026@gmail.com', 'name': 'aura rodriguez'}",['Erwin Garcia'],recln7XPXMJQfHSfq,4112191,Francisco José Perez Rondon,,NO,,https://res.cloudinary.com/dllkhcwzt/image/upload/v1774903394/lelvk64ezkdkryw3mmez.jpg,,,noposee@gmail.com,,https://res.cloudinary.com/dllkhcwzt/image/upload/v1774903394/lelvk64ezkdkryw3mmez.jpg,,"8.0314041, -72.2638789",,,Comercial y joyería yaneth,,0,NO,2026-03-30T20:43:47.000Z,+58 426 6551759,['recneMrw0Gq0zGHIE'],https://res.cloudinary.com/dllkhcwzt/image/upload/v1774903335/hd0qosh103mx6guz4x4t.jpg,NO,⚪ SIN DATOS,"{'id': 'usrfos700GI2vPlEM', 'email': 'proyecto.maps2026@gmail.com', 'name': 'aura rodriguez'}","Frente al Bulevar de la plaza Bolivar, al lado de la heladería ",,Pendiente,2025-12-31,🕒 PENDIENTE,recln7XPXMJQfHSfq,24,🔵 TEMPORAL,✅ Plazo de 15 dias,2026-03-30T20:43:47.000Z,24,NO,,T-001
"{'id': 'usrfos700GI2vPlEM', 'email': 'proyecto.maps2026@gmail.com', 'name': 'aura rodriguez'}",['Erwin Garcia'],recm4jIIEPuWpji3f,G-20009148-7,"Banco digital de los trabajadores, banco universal C.A",,NO,,https://res.cloudinary.com/dllkhcwzt/image/upload/v1774901776/oifqwkkmejy2jczowwjk.jpg,,,blanca.cegarra@bdt.com.ve,,https://res.cloudinary.com/dllkhcwzt/image/upload/v1774901776/oifqwkkmejy2jczowwjk.jpg,,"8.031389364952778, -72.26428098245539",,,Banco bicentenario,,0,SÍ,2026-04-07T18:59:40.000Z,+58 424 7058101,['recneMrw0Gq0zGHIE'],https://res.cloudinary.com/dllkhcwzt/image/upload/v1774901694/i8cczm8g5azzi2khwgsv.jpg,SÍ,⚪ SIN DATOS,"{'id': 'usrfos700GI2vPlEM', 'email': 'proyecto.maps2026@gmail.com', 'name': 'aura rodriguez'}","Frente la plaza Bolivar, calle 3 ",,Pendiente,2026-12-31,🕒 PENDIENTE,recm4jIIEPuWpji3f,20,🟢 VIGENTE,✅ Plazo de 15 dias,2026-04-07T18:59:40.000Z,20,NO,,1646
"{'id': 'usrfos700GI2vPlEM', 'email': 'proyecto.maps2026@gmail.com', 'name': 'aura rodriguez'}",['Erwin Garcia'],recmTFN1XhR0RUSCV,J-40213999-3,El ciclón de colon C.A,,NO,,https://res.cloudinary.com/dllkhcwzt/image/upload/v1774900212/m2an9syyyswmfcimq26d.jpg,,2026-04-14,noposee@gmail.com,,https://res.cloudinary.com/dllkhcwzt/image/upload/v1774900212/m2an9syyyswmfcimq26d.jpg,,"8.032241, -72.2644224",,,El Ciclón de colon ,,2,NO,2026-03-30T19:50:53.000Z,+58 416 4417652,['recneMrw0Gq0zGHIE'],,NO,⚪ SIN DATOS,"{'id': 'usrfos700GI2vPlEM', 'email': 'proyecto.maps2026@gmail.com', 'name': 'aura rodriguez'}","Frente la plaza bolivar, carrera 4",,Pendiente,2025-05-20,🕒 PENDIENTE,recmTFN1XhR0RUSCV,17,🟡 VENCIDA,✅ Plazo de 15 dias,2026-03-30T19:50:53.000Z,17,NO,https://res.cloudinary.com/dllkhcwzt/image/upload/v1774900122/qgbqb5qsuar9adk7f0po.jpg,2975
"{'id': 'usrfos700GI2vPlEM', 'email': 'proyecto.maps2026@gmail.com', 'name': 'aura rodriguez'}",['Erwin Garcia'],recoTK3MbOgmKAQw0,13171538,,Sin Documentación,NO,,https://res.cloudinary.com/dllkhcwzt/image/upload/v1775656415/p71tzhay7vagx3fsaitp.jpg,,2026-04-23,noposee@gmail.com,NO,https://res.cloudinary.com/dllkhcwzt/image/upload/v1775656415/p71tzhay7vagx3fsaitp.jpg,,"8.0301179, -72.2644944",,,Sastrería el buen trato,,-7,NO,2026-04-08T13:54:24.000Z,+58 426 1084754,['recneMrw0Gq0zGHIE'],,NO,⚪ SIN DATOS,"{'id': 'usrfos700GI2vPlEM', 'email': 'proyecto.maps2026@gmail.com', 'name': 'aura rodriguez'}",Carrera 5 entre calle 2 y 1 ,,Pendiente,,⚠️ INCUMPLIDO,recoTK3MbOgmKAQw0,46,🔴 SIN LICENCIA,✅ Plazo de 15 dias,2026-04-08T13:54:24.000Z,46,NO,,
"{'id': 'usrfos700GI2vPlEM', 'email': 'proyecto.maps2026@gmail.com', 'name': 'aura rodriguez'}",['Erwin Garcia'],recoVTHsItaZ3kTaS,16281863,,Permiso Temporal,NO,,https://res.cloudinary.com/dllkhcwzt/image/upload/v1774906905/dysm54sa2z2rozppozmv.jpg,,2026-04-14,lavacudeangelica0@gmail.com,SÍ,https://res.cloudinary.com/dllkhcwzt/image/upload/v1774906905/dysm54sa2z2rozppozmv.jpg,,"8.0311471, -72.2627225",,,Urban store,,2,NO,2026-03-30T21:42:01.000Z,+58 426 4631140,['recneMrw0Gq0zGHIE'],,NO,⚪ SIN DATOS,"{'id': 'usrfos700GI2vPlEM', 'email': 'proyecto.maps2026@gmail.com', 'name': 'aura rodriguez'}","Carrera 6, al lado de la panadería la roma",,Pendiente,,🕒 PENDIENTE,recoVTHsItaZ3kTaS,37,🔴 SIN LICENCIA,✅ Plazo de 15 dias,2026-03-30T21:42:01.000Z,37,NO,,
"{'id': 'usrfos700GI2vPlEM', 'email': 'proyecto.maps2026@gmail.com', 'name': 'aura rodriguez'}",['Erwin Garcia'],recpHVC19zdO8mk59,12456678,,Sin Documentación,NO,,https://res.cloudinary.com/dllkhcwzt/image/upload/v1775665025/hg76zsm369yro2hdtpob.jpg,,2026-04-23,noposee@gmail.com,NO,https://res.cloudinary.com/dllkhcwzt/image/upload/v1775665025/hg76zsm369yro2hdtpob.jpg,,"8.0315537, -72.2656337",,,Tienda cos,,-7,NO,2026-04-08T16:18:14.000Z,+58 416 6775474,['recneMrw0Gq0zGHIE'],,NO,⚪ SIN DATOS,"{'id': 'usrfos700GI2vPlEM', 'email': 'proyecto.maps2026@gmail.com', 'name': 'aura rodriguez'}",Calle carrera 5,,Pendiente,,⚠️ INCUMPLIDO,recpHVC19zdO8mk59,60,🔴 SIN LICENCIA,✅ Plazo de 15 dias,2026-04-08T16:18:14.000Z,60,NO,,
"{'id': 'usrfos700GI2vPlEM', 'email': 'proyecto.maps2026@gmail.com', 'name': 'aura rodriguez'}",['Erwin Garcia'],recpfQOHNvO1vKgiV,No,,Sin Documentación,NO,,https://res.cloudinary.com/dllkhcwzt/image/upload/v1774895194/fblr8kwjqadawatxeef0.jpg,,2026-03-31,noposee@gmail.com,NO,https://res.cloudinary.com/dllkhcwzt/image/upload/v1774895194/fblr8kwjqadawatxeef0.jpg,,"8.0320504, -72.2634633",,,Laboratorio jerez clinico,,16,NO,2026-03-30T18:27:36.000Z,+58 0412 123456,['recneMrw0Gq0zGHIE'],,NO,⚪ SIN DATOS,"{'id': 'usrfos700GI2vPlEM', 'email': 'proyecto.maps2026@gmail.com', 'name': 'aura rodriguez'}",Frente la plaza bolivar,,Pendiente,,🕒 PENDIENTE,recpfQOHNvO1vKgiV,5,🔴 SIN LICENCIA,✅ Plazo de 15 dias,2026-03-30T18:27:36.000Z,5,NO,,
"{'id': 'usrfos700GI2vPlEM', 'email': 'proyecto.maps2026@gmail.com', 'name': 'aura rodriguez'}",['Erwin Garcia'],recpmLvyHMGK4TObC,8107963,,Sin Documentación,NO,,https://res.cloudinary.com/dllkhcwzt/image/upload/v1774901344/uzco7qu59nt0oibn4tnl.jpg,,2026-04-14,noposee@gmail.com,NO,https://res.cloudinary.com/dllkhcwzt/image/upload/v1774901344/uzco7qu59nt0oibn4tnl.jpg,,"8.0317806, -72.2644799",,,Venta de aceites,,2,NO,2026-03-30T20:10:03.000Z,+58 424 7085906,['recneMrw0Gq0zGHIE'],,NO,⚪ SIN DATOS,"{'id': 'usrfos700GI2vPlEM', 'email': 'proyecto.maps2026@gmail.com', 'name': 'aura rodriguez'}",Frente la plaza bolivar carrera 4,,Pendiente,,🕒 PENDIENTE,recpmLvyHMGK4TObC,19,🔴 SIN LICENCIA,✅ Plazo de 15 dias,2026-03-30T20:10:03.000Z,19,NO,,
"{'id': 'usrfos700GI2vPlEM', 'email': 'proyecto.maps2026@gmail.com', 'name': 'aura rodriguez'}",['Erwin Garcia'],recqGdHP60aGae87e,J-09028384-6,"Banco saofitasa,banco universal C.A agencia colon",,NO,,https://res.cloudinary.com/dllkhcwzt/image/upload/v1774895628/iwiloc7envickj3qnawj.jpg,,2026-04-14,dzambrano@sofitasa.com,,https://res.cloudinary.com/dllkhcwzt/image/upload/v1774895628/iwiloc7envickj3qnawj.jpg,,"8.0318787, -72.263437",,,Banco sofitasa,,2,NO,2026-03-30T18:36:25.000Z,+58 424 7363930,['recneMrw0Gq0zGHIE'],,NO,⚪ SIN DATOS,"{'id': 'usrfos700GI2vPlEM', 'email': 'proyecto.maps2026@gmail.com', 'name': 'aura rodriguez'}",Frente la plaza bolivar ,,Pendiente,2025-12-31,🕒 PENDIENTE,recqGdHP60aGae87e,6,🟡 VENCIDA,✅ Plazo de 15 dias,2026-03-30T18:36:25.000Z,6,NO,https://res.cloudinary.com/dllkhcwzt/image/upload/v1774894082/qwfubloljyi3ehfbpnhu.jpg,1444
"{'id': 'usrfos700GI2vPlEM', 'email': 'proyecto.maps2026@gmail.com', 'name': 'aura rodriguez'}",['Erwin Garcia'],recquD1WvCqsSYmpF,No posee,,Sin Documentación,NO,,https://res.cloudinary.com/dllkhcwzt/image/upload/v1774903905/wnw0skj2a0rpsngbxqil.jpg,,2026-04-14,noposee@gmail.com,NO,https://res.cloudinary.com/dllkhcwzt/image/upload/v1774903905/wnw0skj2a0rpsngbxqil.jpg,,"8.0318449, -72.2634113",,,Jhoannys Torres nailon artist,,2,NO,2026-03-30T20:52:20.000Z,+58 412 1234567,['recneMrw0Gq0zGHIE'],,NO,⚪ SIN DATOS,"{'id': 'usrfos700GI2vPlEM', 'email': 'proyecto.maps2026@gmail.com', 'name': 'aura rodriguez'}","Frente al Bulevar de la plaza Bolivar, al lado de la iglesia calle 4",,Pendiente,,🕒 PENDIENTE,recquD1WvCqsSYmpF,27,🔴 SIN LICENCIA,✅ Plazo de 15 dias,2026-03-30T20:52:20.000Z,27,NO,,
"{'id': 'usrfos700GI2vPlEM', 'email': 'proyecto.maps2026@gmail.com', 'name': 'aura rodriguez'}",['Erwin Garcia'],recrqAG1BL9hcVa4M,14903496,,Sin Documentación,NO,,https://res.cloudinary.com/dllkhcwzt/image/upload/v1775655518/sztqpt4utpacpv1lh4ek.jpg,,2026-04-23,noposee@gmail.com,NO,https://res.cloudinary.com/dllkhcwzt/image/upload/v1775655518/sztqpt4utpacpv1lh4ek.jpg,,"8.0312206, -72.2637418",,,Relación de calzado ,,-7,NO,2026-04-08T13:39:30.000Z,+58 412 1740330,['recneMrw0Gq0zGHIE'],,NO,⚪ SIN DATOS,"{'id': 'usrfos700GI2vPlEM', 'email': 'proyecto.maps2026@gmail.com', 'name': 'aura rodriguez'}",Frente a la parada de línea las palmera carrera 5,,Pendiente,,⚠️ INCUMPLIDO,recrqAG1BL9hcVa4M,43,🔴 SIN LICENCIA,✅ Plazo de 15 dias,2026-04-08T13:39:30.000Z,43,NO,,
"{'id': 'usrfos700GI2vPlEM', 'email': 'proyecto.maps2026@gmail.com', 'name': 'aura rodriguez'}",['Erwin Garcia'],recsXUVOKUucwyMVB,61612867,,Sin Documentación,NO,,https://res.cloudinary.com/dllkhcwzt/image/upload/v1775656739/vdfe3fpat5oezem5gz1b.jpg,,2026-04-23,noposee@gmail.com,NO,https://res.cloudinary.com/dllkhcwzt/image/upload/v1775656739/vdfe3fpat5oezem5gz1b.jpg,,"8.0300544, -72.26458",,,Herrería  versan,,-7,NO,2026-04-08T13:59:23.000Z,+58 424 7132511,['recneMrw0Gq0zGHIE'],,NO,⚪ SIN DATOS,"{'id': 'usrfos700GI2vPlEM', 'email': 'proyecto.maps2026@gmail.com', 'name': 'aura rodriguez'}",Carrera 5 calle 2 y 1 ,,Pendiente,,⚠️ INCUMPLIDO,recsXUVOKUucwyMVB,47,🔴 SIN LICENCIA,✅ Plazo de 15 dias,2026-04-08T13:59:23.000Z,47,NO,,
"{'id': 'usrfos700GI2vPlEM', 'email': 'proyecto.maps2026@gmail.com', 'name': 'aura rodriguez'}",['Erwin Garcia'],rectuCI1kK4xScypq,08107216-3,Hildebrando carradini sanchez,,NO,,https://res.cloudinary.com/dllkhcwzt/image/upload/v1774894247/iwdmvk07iwstpobvnl5v.jpg,,2026-04-14,hcarradini@yahoo.com,,https://res.cloudinary.com/dllkhcwzt/image/upload/v1774894247/iwdmvk07iwstpobvnl5v.jpg,,"8.0319107, -72.2632263",,,Farmacia Ayacucho,,2,SÍ,2026-03-30T18:11:28.000Z,+58 424 7022460,['recneMrw0Gq0zGHIE'],,NO,⚪ SIN DATOS,"{'id': 'usrfos700GI2vPlEM', 'email': 'proyecto.maps2026@gmail.com', 'name': 'aura rodriguez'}",Frente la plaza bolivar,,Pendiente,2026-01-06,🕒 PENDIENTE,rectuCI1kK4xScypq,3,🟡 VENCIDA,✅ Plazo de 15 dias,2026-03-30T18:11:28.000Z,3,NO,https://res.cloudinary.com/dllkhcwzt/image/upload/v1774894082/qwfubloljyi3ehfbpnhu.jpg,0667
"{'id': 'usrfos700GI2vPlEM', 'email': 'proyecto.maps2026@gmail.com', 'name': 'aura rodriguez'}",['Erwin Garcia'],rectxxjhN04rje2ZJ,123456789,,Sin Documentación,NO,,https://res.cloudinary.com/dllkhcwzt/image/upload/v1775657784/zsy1xqp2qqxwolwra5ne.jpg,,2026-04-23,noposee@gmail.com,NO,https://res.cloudinary.com/dllkhcwzt/image/upload/v1775657784/zsy1xqp2qqxwolwra5ne.jpg,,"8.0291105, -72.2658161",,,Escuela hapkido,,-7,NO,2026-04-08T14:17:29.000Z,+58 1234576890,['recneMrw0Gq0zGHIE'],,NO,⚪ SIN DATOS,"{'id': 'usrfos700GI2vPlEM', 'email': 'proyecto.maps2026@gmail.com', 'name': 'aura rodriguez'}",Calle 0 con carrera 5,,Pendiente,,⚠️ INCUMPLIDO,rectxxjhN04rje2ZJ,50,🔴 SIN LICENCIA,✅ Plazo de 15 dias,2026-04-08T14:17:29.000Z,50,NO,,
"{'id': 'usrfos700GI2vPlEM', 'email': 'proyecto.maps2026@gmail.com', 'name': 'aura rodriguez'}",['Erwin Garcia'],recv5hsKufdi42Cq6,22678324,,Sin Documentación,NO,,https://res.cloudinary.com/dllkhcwzt/image/upload/v1774904521/ax1iqj8x8blwspmykyw3.jpg,,2026-04-14,noposee@gmail.com,NO,https://res.cloudinary.com/dllkhcwzt/image/upload/v1774904521/ax1iqj8x8blwspmykyw3.jpg,,"8.031832, -72.2634003",,,La escorpión hamburgueseria,,2,NO,2026-03-30T21:02:22.000Z,+58 416 7746550,['recneMrw0Gq0zGHIE'],,NO,⚪ SIN DATOS,"{'id': 'usrfos700GI2vPlEM', 'email': 'proyecto.maps2026@gmail.com', 'name': 'aura rodriguez'}","Esquina plaza Bolivar, calle 4",,Pendiente,,🕒 PENDIENTE,recv5hsKufdi42Cq6,29,🔴 SIN LICENCIA,✅ Plazo de 15 dias,2026-03-30T21:02:22.000Z,29,NO,,
"{'id': 'usrfos700GI2vPlEM', 'email': 'proyecto.maps2026@gmail.com', 'name': 'aura rodriguez'}",['Erwin Garcia'],recvU5l37Gvi4KTDo,5657430,,Sin Documentación,NO,,https://res.cloudinary.com/dllkhcwzt/image/upload/v1775655289/sxua4rfl1vnxm3kwfusb.jpg,,2026-04-23,noposee@gmail.com,NO,https://res.cloudinary.com/dllkhcwzt/image/upload/v1775655289/sxua4rfl1vnxm3kwfusb.jpg,,"8.0300595, -72.2650616",,,Barbería ,,-7,NO,2026-04-08T13:35:38.000Z,+58 414 7364263,['recneMrw0Gq0zGHIE'],,NO,⚪ SIN DATOS,"{'id': 'usrfos700GI2vPlEM', 'email': 'proyecto.maps2026@gmail.com', 'name': 'aura rodriguez'}",Frente a la parada de línea las palmeras carrera 5,,Pendiente,,⚠️ INCUMPLIDO,recvU5l37Gvi4KTDo,42,🔴 SIN LICENCIA,✅ Plazo de 15 dias,2026-04-08T13:35:38.000Z,42,NO,,
"{'id': 'usrfos700GI2vPlEM', 'email': 'proyecto.maps2026@gmail.com', 'name': 'aura rodriguez'}",['Erwin Garcia'],recw6LrFNvRh19EJU,15684830,,Sin Documentación,NO,,https://res.cloudinary.com/dllkhcwzt/image/upload/v1775659037/csxum7xlp0xqhb8yliao.jpg,,2026-04-23,noposee@gmail.com,NO,https://res.cloudinary.com/dllkhcwzt/image/upload/v1775659037/csxum7xlp0xqhb8yliao.jpg,,"8.0314162, -72.2648046",,,Taller de costura y escuela de ciclismo ,,-7,NO,2026-04-08T14:38:15.000Z,+58 416 4175786,['recneMrw0Gq0zGHIE'],,NO,⚪ SIN DATOS,"{'id': 'usrfos700GI2vPlEM', 'email': 'proyecto.maps2026@gmail.com', 'name': 'aura rodriguez'}",Calle 1 carrera 5,,Pendiente,,⚠️ INCUMPLIDO,recw6LrFNvRh19EJU,53,🔴 SIN LICENCIA,✅ Plazo de 15 dias,2026-04-08T14:38:15.000Z,53,NO,,
"{'id': 'usrfos700GI2vPlEM', 'email': 'proyecto.maps2026@gmail.com', 'name': 'aura rodriguez'}",['Erwin Garcia'],recwP0BqwWtdlm7So,20801242-4,Maiker Onorio Prisco / la esquina del dulce,,NO,Blanca Pabón,https://res.cloudinary.com/dllkhcwzt/image/upload/v1774902198/readz6bssnhxgq7kiz4m.jpg,2026-04-16,2026-04-14,noposee@gmail.com,,https://res.cloudinary.com/dllkhcwzt/image/upload/v1774902198/readz6bssnhxgq7kiz4m.jpg,Blanca Pabón,"8.0311939, -72.2637506",2026-04-07,1 Mes,La esquina del dulce,2026-04-16,2,SÍ,2026-04-16T18:37:09.000Z,+58 426 1639285,['recneMrw0Gq0zGHIE'],,NO,🟢 AL DIA,"{'id': 'usrfos700GI2vPlEM', 'email': 'proyecto.maps2026@gmail.com', 'name': 'aura rodriguez'}",Esquina de la plaza Bolivar calle 3 ,True,👤 Blanca Pabón | 📅 2026-04-16T00:00:00.000Z | 📄 🟢 VIGENTE ➡️ 🟢 VIGENTE,2024-02-01,✅ FINALIZADO,recwP0BqwWtdlm7So,21,🟢 VIGENTE,✅ Plazo de 15 dias,2026-04-16T18:37:09.000Z,21,NO,https://res.cloudinary.com/dllkhcwzt/image/upload/v1774902150/egqstiinjzgc3kzwmjrz.jpg,3459
"{'id': 'usrfos700GI2vPlEM', 'email': 'proyecto.maps2026@gmail.com', 'name': 'aura rodriguez'}",['Erwin Garcia'],recxxfEFtNQmZ0YiZ,No posee,,Sin Documentación,NO,,https://res.cloudinary.com/dllkhcwzt/image/upload/v1774899909/ie71yd9gucd22h8ieyvg.jpg,,2026-04-14,noposee@gmail.com,NO,https://res.cloudinary.com/dllkhcwzt/image/upload/v1774899909/ie71yd9gucd22h8ieyvg.jpg,,"8.0324418, -72.263914",,,Fresco store,,2,NO,2026-03-30T19:45:38.000Z,+58 412 7624640,['recneMrw0Gq0zGHIE'],,NO,⚪ SIN DATOS,"{'id': 'usrfos700GI2vPlEM', 'email': 'proyecto.maps2026@gmail.com', 'name': 'aura rodriguez'}",Frente la plaza Bolivar ,,Pendiente,,🕒 PENDIENTE,recxxfEFtNQmZ0YiZ,16,🔴 SIN LICENCIA,✅ Plazo de 15 dias,2026-03-30T19:45:38.000Z,16,NO,,
"{'id': 'usrfos700GI2vPlEM', 'email': 'proyecto.maps2026@gmail.com', 'name': 'aura rodriguez'}",['Erwin Garcia'],recyEDMrFQYuzBQxe,18161040-5,Abasto Medina Vivas F.P/ Liseth Katherine Vivas,,NO,,https://res.cloudinary.com/dllkhcwzt/image/upload/v1774898241/af3zsf2zny27axob5e7h.jpg,,2026-04-14,wilmarycc@gmail.com,,https://res.cloudinary.com/dllkhcwzt/image/upload/v1774898241/af3zsf2zny27axob5e7h.jpg,,"8.032451, -72.2639792",,,Abasto Medina Vivas F.P,,2,NO,2026-03-30T19:18:05.000Z,+58 414 7008639,['recneMrw0Gq0zGHIE'],,NO,⚪ SIN DATOS,"{'id': 'usrfos700GI2vPlEM', 'email': 'proyecto.maps2026@gmail.com', 'name': 'aura rodriguez'}",Frente la plaza bolivar ,,Pendiente,2026-01-22,🕒 PENDIENTE,recyEDMrFQYuzBQxe,11,🟡 VENCIDA,✅ Plazo de 15 dias,2026-03-30T19:18:05.000Z,11,NO,https://res.cloudinary.com/dllkhcwzt/image/upload/v1774898098/pbyma1bjcdmghhps3f2s.jpg,4332
"{'id': 'usrfos700GI2vPlEM', 'email': 'proyecto.maps2026@gmail.com', 'name': 'aura rodriguez'}",['Erwin Garcia'],recyccl1qM8TuBAci,25024689,,Sin Documentación,NO,,https://res.cloudinary.com/dllkhcwzt/image/upload/v1774907236/wg15vvyo62hr1ycpwbwn.jpg,,2026-04-14,noposee@gmail.com,NO,https://res.cloudinary.com/dllkhcwzt/image/upload/v1774907236/wg15vvyo62hr1ycpwbwn.jpg,,"8.0311596, -72.2627108",,,Toñito kids,,2,NO,2026-03-30T23:32:11.000Z,+58 424 7109578,['recneMrw0Gq0zGHIE'],,NO,⚪ SIN DATOS,"{'id': 'usrfos700GI2vPlEM', 'email': 'proyecto.maps2026@gmail.com', 'name': 'aura rodriguez'}",Carrera 6 al lado de la panadería roma ,,Pendiente,,🕒 PENDIENTE,recyccl1qM8TuBAci,39,🔴 SIN LICENCIA,✅ Plazo de 15 dias,2026-03-30T23:32:11.000Z,39,NO,,
"{'id': 'usrfos700GI2vPlEM', 'email': 'proyecto.maps2026@gmail.com', 'name': 'aura rodriguez'}",['Erwin Garcia'],recyyeGotpzpKhOol,16744184,,Sin Documentación,NO,,https://res.cloudinary.com/dllkhcwzt/image/upload/v1775655900/lghzp73rmwot8bkm22nc.jpg,,2026-04-23,noposee@gmail.com,NO,https://res.cloudinary.com/dllkhcwzt/image/upload/v1775655900/lghzp73rmwot8bkm22nc.jpg,,"8.0304288, -72.2641817",,,Mini bodega santo cristo ,,-7,NO,2026-04-08T13:45:50.000Z,+58 426 9771201,['recneMrw0Gq0zGHIE'],,NO,⚪ SIN DATOS,"{'id': 'usrfos700GI2vPlEM', 'email': 'proyecto.maps2026@gmail.com', 'name': 'aura rodriguez'}",Carrera 5 con Calle 2 esquina,,Pendiente,,⚠️ INCUMPLIDO,recyyeGotpzpKhOol,44,🔴 SIN LICENCIA,✅ Plazo de 15 dias,2026-04-08T13:45:50.000Z,44,NO,,
"{'id': 'usrfos700GI2vPlEM', 'email': 'proyecto.maps2026@gmail.com', 'name': 'aura rodriguez'}",['Erwin Garcia'],reczLolLUauz2Rzsm,17056392,,Sin Documentación,NO,,https://res.cloudinary.com/dllkhcwzt/image/upload/v1774905922/jkj0tehlqeqy1wgqje5f.jpg,,2026-04-14,noposee@gmail.com,NO,https://res.cloudinary.com/dllkhcwzt/image/upload/v1774905922/jkj0tehlqeqy1wgqje5f.jpg,,"8.0306956, -72.2632053",,,Variedades A y A,,2,NO,2026-03-30T21:25:39.000Z,+58 426 5783572,['recneMrw0Gq0zGHIE'],,NO,⚪ SIN DATOS,"{'id': 'usrfos700GI2vPlEM', 'email': 'proyecto.maps2026@gmail.com', 'name': 'aura rodriguez'}","Calle 3, diagonal a antigua farma romero, mas arriba de la plaza Bolivar ",,Pendiente,,🕒 PENDIENTE,reczLolLUauz2Rzsm,33,🔴 SIN LICENCIA,✅ Plazo de 15 dias,2026-03-30T21:25:39.000Z,33,NO,,
"{'id': 'usrfos700GI2vPlEM', 'email': 'proyecto.maps2026@gmail.com', 'name': 'aura rodriguez'}",['Erwin Garcia'],reczw8wHacMaXw3F4,22678224,,Sin Documentación,NO,,https://res.cloudinary.com/dllkhcwzt/image/upload/v1775656235/e1kcmid7b6jors8ux4ah.jpg,,2026-04-23,noposee@gmail.com,NO,https://res.cloudinary.com/dllkhcwzt/image/upload/v1775656235/e1kcmid7b6jors8ux4ah.jpg,,"8.0300314, -72.2645269",,,Sastrería manzano,,-7,NO,2026-04-08T13:51:43.000Z,+58 412 7044084,['recneMrw0Gq0zGHIE'],,NO,⚪ SIN DATOS,"{'id': 'usrfos700GI2vPlEM', 'email': 'proyecto.maps2026@gmail.com', 'name': 'aura rodriguez'}",Carrera 5 con calles 2 y 1 ,,Pendiente,,⚠️ INCUMPLIDO,reczw8wHacMaXw3F4,45,🔴 SIN LICENCIA,✅ Plazo de 15 dias,2026-04-08T13:51:43.000Z,45,NO,,
